Review ID,Review
1,ราคาดีค่ะ แพคมาดี ขนส่งสินค้า​ก็ไวดี . ต้อง​ลอง​ใช้​ดูก่อน​ว่าเป็นไง​ คนรีวิว​เยอะ​มากกกกก . ตรงปกไม่​จกตา น่ารัก
2,ร้านส่งเร็วสุดๆ ได้ของแถม3อย่าง ครีมอาบน้ำลิป กระเป๋า ถูกใจมากคะ เนื้อซึมเร็วไม่มันวาวเลย ดีมากถูกใจสุดๆๆๆๆ ใครลังเลบอกเลยห้ามพลาดจ๊ะซื้อๆๆๆๆ
3,ได้รับสินค้าแล้วนะคะ ส่งไวมากค่ะ รอไม่นาน ราคาก็ถูกกว่าห้าง ไม่ต้องออกข้างนอกก็สั่งในนี้ได้เลย ไว้จะกลับมาซื้อใหม่นะ
4,ราคาดี จัดส่งไว แพ็คสินค้ามาดี ซื้อตามรีวิว
5,หีบห่อมาดีมาก ได้ของครบ และมีของแถมมาด้วย สินค้าหมดอายุยาว ดีมาก แพคเกจผลิตภัณฑ์ดูดีน่าใช้ ต้องทดลองระยะยาวว่าดีมั้ย ชอบ
6,จัดส่งไวขนส่งบริการดีโทรมาบอกก่อนเข้ามาส่งสินค้าแพ็คมาให้อย่างดีไม่ได้รับความเสียหาย ราคาถูกมีโค๊ดส่งฟรี
7,ลองใช่แล้วดีมาก ไม่ทำให้หน้ามัน กันแดดได้ดี ไม่แพ้ หม่ทำให้สิวขึ้น ขนส่งจัดส่งเร็วมากๆ อุดหนุนอีกแน่นอน
8,การจัดส่งรวดเร็ว​ดีมาก​มาก​ แพ็คสินค้า​มาดี​ ไม่มีความเสียหายจากการขนส่ง​ คุณภาพ​สินค้า​ดี​ คุ้มค่า​เหมาะ​เกินกว่าราคา
9,ดีมากค่ะชอบมาก ราคาดีส่งไวมากถูกใจสุดๆไปเลยค่ะ ให้ไป5ดาวเลยาคะ ส่วนตัวเคยใช้ตัวนี้อยู่แล้วแต่เจอถูกกว่าแล้วรีวิวดีด้วยค่ะ เอาไปสิบนิ้วโป้งเลยค่ะ
10,ได้รับสินค้าเรียบร้อยแล้วอย่างรวดเร็ว สั่งเมื่อวานรุ่งขึ้นได้ของเลย เยี่ยมมาก สินค้าถูกต้องตรงตามที่สั่งไป สินค้าใหม่
